SNP	eQTL_linkages	pQTL_linkages
gCL01	154	237
NML013W	58	163
NML011W	55	138
YCL026C	139	117
NBR034W	302	97
NBR035W	302	97
gML01	41	90
NBR031C	277	88
gBR08	139	59
NCR015C	73	44
gBR07	108	40
gOL02	252	38
gCR02	89	37
YBR162W	217	35
NBR041W	162	34
NBR038W	147	31
NML009C	36	29
NNL035W	341	22
NLR116W	89	22
NBR043C	88	20
NLR118C	66	18
NLR121W	66	18
NOL019C	95	15
NOL020W	95	15
gLR07	65	14
NBR044W	40	11
gNL07	149	10
gEL02	29	9
RPR1	28	8
NLR076W	17	8
NBR051C	77	7
NEL011C	26	7
NML007W	25	7
NPL002C	16	6
NLR032W	12	6
gPL09	11	6
NBR056W	95	5
gLR08	28	5
NBR023W	26	4
gPL11	11	4
SNR74	8	4
gKR05	7	4
gPL05	4	4
gER03	72	3
NNL005C	60	3
NNL013C	53	3
NNL008W	39	3
YLR312W	17	3
NLR028W	12	3
NOL043W	12	3
gGR12	5	3
NGR104C	4	3
NAL002C	3	3
NAL001C	3	3
YAR002C	3	3
gAR03	3	3
NNL012W	56	2
NNL004W	48	2
NBR050C	43	2
NNL038C	32	2
NBR024W	29	2
YGL046W	18	2
NJR013W	12	2
NOL042W	11	2
NGR073W	9	2
gIL03	8	2
gLR09	7	2
NGR093C	6	2
YDR474C	5	2
NPL010C	5	2
YER019C	4	2
NER005W	3	2
NGR114C	3	2
NGR113W	3	2
NGR103C	2	2
gGR10	0	2
NER037W	68	1
gBR09	58	1
NHR001C	56	1
NIL018C	24	1
NLR124W	20	1
NLR126C	18	1
NDR001C	17	1
NBR019W	11	1
YGL226C	11	1
NOL054C	11	1
gOL01	10	1
NOL052C	10	1
NOL047W	10	1
NJR015C	9	1
NML001C	9	1
CEN13	9	1
NOL046W	9	1
NOR062C	9	1
YHR021W	8	1
gHR03	8	1
gJR12	8	1
NLR136W	8	1
NOL053C	8	1
gGL02	7	1
NGL030C	7	1
NHR006C	7	1
NHR007W	7	1
NJR011W	7	1
NLL003W	7	1
YML013C	7	1
SNR31	7	1
NOR061W	7	1
NDL024W	6	1
NFL010C	6	1
gGL01	6	1
gGL03	6	1
NKL001C	6	1
NKR001C	6	1
gDL03	5	1
NKL041W	5	1
NLR127C	5	1
snr17a	5	1
gOR07	5	1
NDR107W	4	1
gFL01	4	1
gGL04	4	1
NGR117C	4	1
NKR006C	4	1
YKR035W	4	1
gLL01	4	1
NDR174C	3	1
NER009C	3	1
NKL002C	3	1
gBL01	2	1
NHR019C	2	1
gDL02	0	1
NBR016C	145	0
NGL041C	49	0
gLR14	31	0
YLR438C	28	0
NOR011W	24	0
NHL003W	22	0
NAL009W	19	0
NAL013C	17	0
gAL01	17	0
NAL012W	17	0
NAL008C	17	0
NAL007W	17	0
YBR075W	17	0
NDL002C	16	0
NFL013C	13	0
gHL01	13	0
gJL06	13	0
gJL07	13	0
NFL012W	12	0
SNR37	12	0
NIL015W	11	0
gJL02	11	0
gOR05	11	0
NBL002C	10	0
NBR002C	10	0
NGL043C	10	0
gOR03	10	0
NOR007W	10	0
gBL04	9	0
gBL05	9	0
YBR085C	9	0
NJL020C	9	0
gKR08	9	0
gML03	9	0
gMR06	9	0
NBR008W	8	0
NDR111W	8	0
NDR129W	8	0
NER019W	8	0
NGL031W	8	0
NIL005W	8	0
NJL025C	8	0
gJR10	8	0
NKL030W	8	0
NKL028W	8	0
NKL026W	8	0
NKL025W	8	0
NKR010W	8	0
gKR06	8	0
gKR07	8	0
gKR09	8	0
YMR316C	8	0
SNR62	8	0
NOR005W	8	0
gAL02	7	0
NER046W	7	0
NGL032C	7	0
NGL034W	7	0
NHR011W	7	0
gJL04	7	0
gJL05	7	0
NKL043C	7	0
NKL037W	7	0
NKL033C	7	0
NKL029C	7	0
NKR007C	7	0
gML04	7	0
gMR12	7	0
NNL045W	7	0
NOL004W	7	0
NOR010W	7	0
NBL009W	6	0
gDL01	6	0
NDL016W	6	0
NDR055C	6	0
NDR132C	6	0
gFL02	6	0
NGL038C	6	0
NHR005W	6	0
NJR008W	6	0
gKL01	6	0
gKL03	6	0
NKL015C	6	0
NKL017W	6	0
gLR05	6	0
NBL014C	5	0
YCR087C	5	0
NDL036C	5	0
NDL012C	5	0
gDR10	5	0
gEL01	5	0
YER014C	5	0
YFL043C	5	0
NGR058C	5	0
NGR125W	5	0
NGR126C	5	0
NGR128W	5	0
NHL006C	5	0
NJR007C	5	0
NJR009W	5	0
gJR15	5	0
NKL008W	5	0
gLR13	5	0
NNL055W	5	0
NOL007C	5	0
NBL017W	4	0
NDL038W	4	0
NER017W	4	0
NER044C	4	0
gER07	4	0
NHL007C	4	0
NIL022W	4	0
NKR008W	4	0
NMR025W	4	0
NMR027W	4	0
NMR028W	4	0
NMR029W	4	0
NMR044C	4	0
NMR070C	4	0
gNL06	4	0
NOR041W	4	0
gPL03	4	0
gBL03	3	0
gDR13	3	0
YEL059C	3	0
NER016C	3	0
NER014W	3	0
gER05	3	0
NFL003C	3	0
NFL004W	3	0
NGR116C	3	0
NGR119W	3	0
YJL021C	3	0
YJL018W	3	0
NJR006C	3	0
NMR026W	3	0
NMR032C	3	0
NMR036C	3	0
gMR11	3	0
NOR038W	3	0
NOR043C	3	0
NPR015C	3	0
NAR005C	2	0
NAR006W	2	0
NAR007C	2	0
NBL029W	2	0
NBL026W	2	0
NEL025C	2	0
NEL023C	2	0
NFR008W	2	0
NGR056C	2	0
gHR04	2	0
YIL015C	2	0
NIR005C	2	0
NIR006W	2	0
NIR010W	2	0
NNL053C	2	0
NNL052C	2	0
NOL009W	2	0
NPR020W	2	0
NPR045W	2	0
NPR090C	2	0
NAR004W	1	0
NBL027W	1	0
gBR10	1	0
gER06	1	0
NGR049W	1	0
NHR026C	1	0
NHR027C	1	0
gIR04	1	0
NKL012C	1	0
gDR11	0	0
gMR09	0	0
NNL073W	0	0
NNL059C	0	0
NPR010W	0	0
	6519	1768
